chunk_id,document_id,text,source_file,title,so_ky_hieu,loai_van_ban,co_quan_ban_hanh,ngay_ban_hanh,chapter,section,article,citation,allowed_roles
doc_agr_at01_01,agr_at01,"Quy định này áp dụng đối với toàn bộ cán bộ công nhân viên thuộc chi nhánh, phòng giao dịch Agribank trong công tác giao nhận, kiểm đếm, bảo quản và vận chuyển tiền mặt, tài sản quý, giấy tờ có giá. Nghiêm cấm mọi hành vi mang chìa khóa kho tiền ra khỏi trụ sở làm việc.",agribank_internal_policies.csv,"Quy định nội bộ số 100/QĐ-NHNO-AT về Giao nhận, bảo quản, vận chuyển tiền mặt và tài sản quý Agribank",100/QĐ-NHNO-AT,Quy định nội bộ,Ngân hàng Nông nghiệp và Phát triển Nông thôn Việt Nam (Agribank),15/03/2024,Chương I QUY ĐỊNH CHUNG,Mục 1. Phạm vi áp dụng,Điều 1. Phạm vi và đối tượng tuân thủ,[100/QĐ-NHNO-AT - Quy định nội bộ số 100/QĐ-NHNO-AT | Điều 1 | doc_agr_at01_01],"[""Admin"", ""Risk_Manager"", ""Staff""]"
doc_agr_at01_02,agr_at01,"Khi tiến hành vận chuyển tiền mặt có giá trị từ 3 tỷ đồng trở lên hoặc tuyến đường di chuyển liên tỉnh, Agribank bắt buộc bố trí xe ô tô bọc thép chuyên dùng và 02 bảo vệ chuyên trách trang bị công cụ hỗ trợ. Hạn mức vận chuyển không quá 50 tỷ đồng mỗi chuyến.",agribank_internal_policies.csv,"Quy định nội bộ số 100/QĐ-NHNO-AT về Giao nhận, bảo quản, vận chuyển tiền mặt và tài sản quý Agribank",100/QĐ-NHNO-AT,Quy định nội bộ,Ngân hàng Nông nghiệp và Phát triển Nông thôn Việt Nam (Agribank),15/03/2024,Chương II QUY TRÌNH VẬN CHUYỂN,Mục 2. An toàn vận chuyển,Điều 12. Xe bọc thép và phương án bảo vệ,[100/QĐ-NHNO-AT - Quy định nội bộ số 100/QĐ-NHNO-AT | Điều 12 | doc_agr_at01_02],"[""Admin"", ""Risk_Manager"", ""Staff""]"
doc_agr_at01_03,agr_at01,"Quy trình kiểm đếm và phân loại tiền không đủ tiêu chuẩn lưu thông tại Agribank phải thực hiện dưới camera giám sát 24/7. Tiền nghi giả phải lập biên bản thu giữ và niêm phong trong ngày, báo cáo Ngân hàng Nhà nước chi nhánh sở tại.",agribank_internal_policies.csv,"Quy định nội bộ số 100/QĐ-NHNO-AT về Giao nhận, bảo quản, vận chuyển tiền mặt và tài sản quý Agribank",100/QĐ-NHNO-AT,Quy định nội bộ,Ngân hàng Nông nghiệp và Phát triển Nông thôn Việt Nam (Agribank),15/03/2024,Chương III THU ĐỔI TIỀN KHÔNG ĐỦ TIÊU CHUẨN LƯU THÔNG,Mục 1. Xử lý tiền nghi giả,Điều 25. Kiểm đếm và niêm phong tiền nghi giả,[100/QĐ-NHNO-AT - Quy định nội bộ số 100/QĐ-NHNO-AT | Điều 25 | doc_agr_at01_03],"[""Admin"", ""Risk_Manager"", ""Staff""]"
doc_agr_at01_04,agr_at01,"Ban Quản lý kho tiền tại mỗi chi nhánh Agribank bao gồm 3 thành viên bắt buộc: Giám đốc (hoặc Phó Giám đốc ủy quyền), Kế toán trưởng (hoặc Phụ trách kế toán) và Thủ kho tiền. Mọi lần mở cửa gian kho tiền phải có mặt đầy đủ 3 thành viên.",agribank_internal_policies.csv,"Quy định nội bộ số 100/QĐ-NHNO-AT về Giao nhận, bảo quản, vận chuyển tiền mặt và tài sản quý Agribank",100/QĐ-NHNO-AT,Quy định nội bộ,Ngân hàng Nông nghiệp và Phát triển Nông thôn Việt Nam (Agribank),15/03/2024,Chương IV AN TOÀN KHO TIỀN,Mục 2. Chế độ Ban Quản lý kho,Điều 30. Trách nhiệm của Ban Quản lý kho tiền,[100/QĐ-NHNO-AT - Quy định nội bộ số 100/QĐ-NHNO-AT | Điều 30 | doc_agr_at01_04],"[""Admin"", ""Risk_Manager"", ""Staff""]"
doc_agr_car02_01,agr_car02,"Tỷ lệ an toàn vốn tối thiểu (CAR) của Agribank được quy định duy trì ở mức tối thiểu 8.5%, cao hơn 0.5% so với quy định chung 8% tại Thông tư 41/2016/TT-NHNN. Bộ phận Quản lý Rủi ro chịu trách nhiệm tính toán CAR theo tháng và quý.",agribank_internal_policies.csv,Quy định nội bộ số 250/QĐ-NHNO-QLRR về Quản lý tỷ lệ an toàn vốn và định mức rủi ro Agribank,250/QĐ-NHNO-QLRR,Quy định nội bộ,Ngân hàng Nông nghiệp và Phát triển Nông thôn Việt Nam (Agribank),20/06/2024,Chương I TỶ LỆ AN TOÀN VỐN,Mục 1. Quy định CAR nội bộ,Điều 5. Tỷ lệ an toàn vốn nội bộ tiêu chuẩn,[250/QĐ-NHNO-QLRR - Quy định nội bộ số 250/QĐ-NHNO-QLRR | Điều 5 | doc_agr_car02_01],"[""Admin"", ""Risk_Manager""]"
doc_agr_car02_02,agr_car02,Trọng số rủi ro đối với tài sản có là khoản vay bất động sản kinh doanh áp dụng mức 150% đến 200% tùy theo tỷ lệ LTV. Các khoản vay nông nghiệp nông thôn được ưu đãi hệ số rủi ro 50% theo định hướng phát triển của Agribank.,agribank_internal_policies.csv,Quy định nội bộ số 250/QĐ-NHNO-QLRR về Quản lý tỷ lệ an toàn vốn và định mức rủi ro Agribank,250/QĐ-NHNO-QLRR,Quy định nội bộ,Ngân hàng Nông nghiệp và Phát triển Nông thôn Việt Nam (Agribank),20/06/2024,Chương II TÍNH TÀI SẢN CÓ RỦI RO,Mục 2. Trọng số rủi ro cho vay,Điều 18. Hệ số rủi ro danh mục tín dụng,[250/QĐ-NHNO-QLRR - Quy định nội bộ số 250/QĐ-NHNO-QLRR | Điều 18 | doc_agr_car02_02],"[""Admin"", ""Risk_Manager""]"
doc_agr_car02_03,agr_car02,"Định kỳ trước ngày 15 hàng tháng, Agribank trích nộp đầy đủ phí trích nộp Quỹ bảo đảm an toàn hệ thống theo tỷ lệ 0.05% trên tổng dư nợ cho vay theo hướng dẫn nghiệp vụ Quỹ an toàn hệ thống.",agribank_internal_policies.csv,Quy định nội bộ số 250/QĐ-NHNO-QLRR về Quản lý tỷ lệ an toàn vốn và định mức rủi ro Agribank,250/QĐ-NHNO-QLRR,Quy định nội bộ,Ngân hàng Nông nghiệp và Phát triển Nông thôn Việt Nam (Agribank),20/06/2024,Chương III NGHĨA VỤ TRÍCH NỘP QUỸ AN TOÀN,Mục 1. Trích nộp lệ phí Quỹ,Điều 32. Trách nhiệm trích nộp phí bảo đảm an toàn,[250/QĐ-NHNO-QLRR - Quy định nội bộ số 250/QĐ-NHNO-QLRR | Điều 32 | doc_agr_car02_03],"[""Admin"", ""Risk_Manager""]"
doc_agr_td03_01,agr_td03,Thẩm quyền phán quyết tín dụng của Giám đốc Chi nhánh Agribank loại I là tối đa 30 tỷ đồng đối với khách hàng doanh nghiệp và 10 tỷ đồng đối với khách hàng cá nhân. Các khoản vay vượt thẩm quyền phải trình Hội đồng Thẩm định Tín dụng Trụ sở chính.,agribank_internal_policies.csv,Quy chế tín dụng nội bộ số 315/QC-NHNO-TD về Phán quyết và Phân cấp ủy quyền cho vay tại Agribank,315/QC-NHNO-TD,Quy chế nội bộ,Ngân hàng Nông nghiệp và Phát triển Nông thôn Việt Nam (Agribank),10/01/2024,Chương I HẠN MỨC PHÁN QUYẾT TÍN DỤNG,Mục 1. Ủy quyền cho vay Chi nhánh,Điều 8. Hạn mức duyệt vay Giám đốc Chi nhánh,[315/QC-NHNO-TD - Quy chế tín dụng nội bộ số 315/QC-NHNO-TD | Điều 8 | doc_agr_td03_01],"[""Admin"", ""Risk_Manager"", ""Staff""]"
doc_agr_td03_02,agr_td03,"Tất cả các khoản vay ngắn hạn phục vụ sản xuất nông nghiệp không có tài sản bảo đảm theo Nghị định 55/2015/NĐ-CP được Agribank giải ngân lên tới 100 triệu đồng đối với cá nhân, hộ gia đình nông dân trên cơ sở xác nhận của Ủy ban nhân dân xã.",agribank_internal_policies.csv,Quy chế tín dụng nội bộ số 315/QC-NHNO-TD về Phán quyết và Phân cấp ủy quyền cho vay tại Agribank,315/QC-NHNO-TD,Quy chế nội bộ,Ngân hàng Nông nghiệp và Phát triển Nông thôn Việt Nam (Agribank),10/01/2024,Chương II CHO VAY PHÁT TRIỂN NÔNG NGHIỆP,Mục 2. Cho vay không tài sản bảo đảm,Điều 22. Hạn mức cho vay nông dân không thế chấp,[315/QC-NHNO-TD - Quy chế tín dụng nội bộ số 315/QC-NHNO-TD | Điều 22 | doc_agr_td03_02],"[""Admin"", ""Risk_Manager"", ""Staff""]"
doc_agr_td03_03,agr_td03,Cán bộ tín dụng Agribank thực hiện kiểm tra sử dụng vốn vay định kỳ 30 ngày sau khi giải ngân đối với khoản vay sản xuất kinh doanh và 60 ngày đối với khoản vay tiêu dùng. Nếu phát hiện sai mục đích phải thu hồi nợ trước hạn.,agribank_internal_policies.csv,Quy chế tín dụng nội bộ số 315/QC-NHNO-TD về Phán quyết và Phân cấp ủy quyền cho vay tại Agribank,315/QC-NHNO-TD,Quy chế nội bộ,Ngân hàng Nông nghiệp và Phát triển Nông thôn Việt Nam (Agribank),10/01/2024,Chương III GIÁM SÁT VÀ KIỂM TRA NỢ VAY,Mục 1. Kiểm tra sau khi cho vay,Điều 35. Thời hạn và quy trình kiểm tra nợ vay,[315/QC-NHNO-TD - Quy chế tín dụng nội bộ số 315/QC-NHNO-TD | Điều 35 | doc_agr_td03_03],"[""Admin"", ""Risk_Manager"", ""Staff""]"
doc_agr_fx04_01,agr_fx04,Hoạt động kinh doanh và cung ứng dịch vụ ngoại hối của Agribank tuân thủ tuyệt đối trần trạng thái ngoại tệ cuối ngày không vượt quá +/- 15% so với vốn tự có của Agribank. Mọi giao dịch ngoại hối vượt 100.000 USD phải có tài liệu chứng minh mục đích thanh toán hợp pháp.,agribank_internal_policies.csv,Quy định nội bộ số 410/QĐ-NHNO-TTNH về Quản lý trạng thái ngoại tệ và giao dịch ngoại hối Agribank,410/QĐ-NHNO-TTNH,Quy định nội bộ,Ngân hàng Nông nghiệp và Phát triển Nông thôn Việt Nam (Agribank),05/09/2024,Chương I QUẢN LÝ TRẠNG THÁI NGOẠI TỆ,Mục 1. Hạn mức ngoại tệ,Điều 6. Tỷ lệ trạng thái ngoại tệ tối đa,[410/QĐ-NHNO-TTNH - Quy định nội bộ số 410/QĐ-NHNO-TTNH | Điều 6 | doc_agr_fx04_01],"[""Admin"", ""Risk_Manager""]"
doc_agr_fx04_02,agr_fx04,Agribank cung cấp dịch vụ đại lý ủy thác đầu tư gián tiếp ra nước ngoài cho khách hàng tổ chức tuân thủ định mức tự do hóa giao dịch vốn của Ngân hàng Nhà nước và Bộ Tài chính quy định tại Thông tư 105/2016/TT-BTC.,agribank_internal_policies.csv,Quy định nội bộ số 410/QĐ-NHNO-TTNH về Quản lý trạng thái ngoại tệ và giao dịch ngoại hối Agribank,410/QĐ-NHNO-TTNH,Quy định nội bộ,Ngân hàng Nông nghiệp và Phát triển Nông thôn Việt Nam (Agribank),05/09/2024,Chương II ĐẦU TƯ GIÁN TIẾP NƯỚC NGOÀI,Mục 2. Ủy thác đầu tư,Điều 19. Hồ sơ đại lý ủy thác đầu tư vốn gián tiếp,[410/QĐ-NHNO-TTNH - Quy định nội bộ số 410/QĐ-NHNO-TTNH | Điều 19 | doc_agr_fx04_02],"[""Admin"", ""Risk_Manager""]"
doc_agr_gp05_01,agr_gp05,"Điều kiện mở mới Phòng Giao dịch Agribank tại khu vực đô thị yêu cầu Chi nhánh chủ quản có thời gian hoạt động tối thiểu 12 tháng, tỷ lệ nợ xấu dưới 2.0% và đáp ứng các tiêu chuẩn hồ sơ theo Thông tư 56/2024/TT-NHNN.",agribank_internal_policies.csv,Quy chế số 520/QC-NHNO-MANGLUOI về Mở rộng mạng lưới chi nhánh và phòng giao dịch Agribank,520/QC-NHNO-MANGLUOI,Quy chế nội bộ,Ngân hàng Nông nghiệp và Phát triển Nông thôn Việt Nam (Agribank),18/11/2024,Chương I ĐIỀU KIỆN MỞ MẠNG LƯỚI,Mục 1. Tiêu chuẩn PGD,Điều 7. Điều kiện thành lập Phòng Giao dịch mới,[520/QC-NHNO-MANGLUOI - Quy chế số 520/QC-NHNO-MANGLUOI | Điều 7 | doc_agr_gp05_01],"[""Admin"", ""Risk_Manager"", ""Staff""]"
doc_agr_gp05_02,agr_gp05,Hồ sơ thủ tục chấp thuận tổ chức lại chi nhánh hoặc sáp nhập các điểm giao dịch Agribank phải được Hội đồng Thành viên Agribank phê duyệt trước khi gửi văn bản đề nghị lên Thống đốc Ngân hàng Nhà nước.,agribank_internal_policies.csv,Quy chế số 520/QC-NHNO-MANGLUOI về Mở rộng mạng lưới chi nhánh và phòng giao dịch Agribank,520/QC-NHNO-MANGLUOI,Quy chế nội bộ,Ngân hàng Nông nghiệp và Phát triển Nông thôn Việt Nam (Agribank),18/11/2024,Chương II TỔ CHỨC LẠI ĐIỂM GIAO DỊCH,Mục 2. Quy trình trình phê duyệt,Điều 15. Trình tự xin cấp phép sáp nhập điểm giao dịch,[520/QC-NHNO-MANGLUOI - Quy chế số 520/QC-NHNO-MANGLUOI | Điều 15 | doc_agr_gp05_02],"[""Admin"", ""Risk_Manager""]"
doc_agr_bh06_01,agr_bh06,Agribank bắt buộc mua bảo hiểm rủi ro tiền mặt tại kho và tiền mặt trên đường vận chuyển (BBB Insurance) với hạn mức bồi thường tối thiểu bằng 100% giá trị tài sản vận chuyển tối đa định mức.,agribank_internal_policies.csv,Quy định nội bộ số 180/QĐ-NHNO-BH về Mua bảo hiểm rủi ro nghiệp vụ và tài sản Agribank,180/QĐ-NHNO-BH,Quy định nội bộ,Ngân hàng Nông nghiệp và Phát triển Nông thôn Việt Nam (Agribank),14/02/2024,Chương I BẢO HIỂM TIỀN MẶT VÀ KHO TIỀN,Mục 1. Hạn mức bảo hiểm,Điều 5. Mua bảo hiểm BBB cho tiền mặt kho vận,[180/QĐ-NHNO-BH - Quy định nội bộ số 180/QĐ-NHNO-BH | Điều 5 | doc_agr_bh06_01],"[""Admin"", ""Risk_Manager"", ""Staff""]"
doc_agr_bh06_02,agr_bh06,"Các sản phẩm bảo hiểm nhân thọ và phi nhân thọ đại lý qua Agribank (Bancassurance) phải công khai minh bạch cho khách hàng, nghiêm cấm cán bộ ép buộc khách hàng vay vốn mua bảo hiểm kèm theo khoản vay.",agribank_internal_policies.csv,Quy định nội bộ số 180/QĐ-NHNO-BH về Mua bảo hiểm rủi ro nghiệp vụ và tài sản Agribank,180/QĐ-NHNO-BH,Quy định nội bộ,Ngân hàng Nông nghiệp và Phát triển Nông thôn Việt Nam (Agribank),14/02/2024,Chương II HOẠT ĐỘNG ĐẠI LÝ BẢO HIỂM BANCASSURANCE,Mục 2. Quy tắc đạo đức đại lý,Điều 21. Cấm gắn kèm bắt buộc mua bảo hiểm khi vay vốn,[180/QĐ-NHNO-BH - Quy định nội bộ số 180/QĐ-NHNO-BH | Điều 21 | doc_agr_bh06_02],"[""Admin"", ""Risk_Manager"", ""Staff""]"
doc_agr_it07_01,agr_it07,Hệ thống RAG và các ứng dụng AI tra cứu quy định Agribank phải tuân thủ chính sách bảo mật dữ liệu theo cấp độ 3 An toàn thông tin. Tất cả các dữ liệu nhạy cảm lưu trữ phải được mã hóa AES-128/Fernet at-rest.,agribank_internal_policies.csv,Quy chế bảo mật CNTT số 600/QC-NHNO-CNTT về An toàn thông tin và Quản trị dữ liệu AI Agribank,600/QC-NHNO-CNTT,Quy chế nội bộ,Ngân hàng Nông nghiệp và Phát triển Nông thôn Việt Nam (Agribank),01/03/2025,Chương I BẢO BỆ DỮ LIỆU TĨNH,Mục 1. Mã hóa dữ liệu at-rest,Điều 9. Tiêu chuẩn mã hóa dữ liệu ứng dụng AI,[600/QC-NHNO-CNTT - Quy chế bảo mật CNTT số 600/QC-NHNO-CNTT | Điều 9 | doc_agr_it07_01],"[""Admin"", ""Risk_Manager""]"
doc_agr_it07_02,agr_it07,"Nhật ký hệ thống (Audit Trail) của ứng dụng RAG Agribank ghi lại toàn bộ timestamp, user_id, user_role, query, access decision và candidate filtered. Tệp log bắt buộc định dạng JSON Lines và lưu vết tối thiểu 12 tháng.",agribank_internal_policies.csv,Quy chế bảo mật CNTT số 600/QC-NHNO-CNTT về An toàn thông tin và Quản trị dữ liệu AI Agribank,600/QC-NHNO-CNTT,Quy chế nội bộ,Ngân hàng Nông nghiệp và Phát triển Nông thôn Việt Nam (Agribank),01/03/2025,Chương II QUẢN LÝ AUDIT LOG,Mục 2. Lưu trữ nhật ký truy cập,Điều 16. Thời hạn lưu trữ và trường thông tin Audit Log,[600/QC-NHNO-CNTT - Quy chế bảo mật CNTT số 600/QC-NHNO-CNTT | Điều 16 | doc_agr_it07_02],"[""Admin"", ""Risk_Manager""]"
doc_agr_hr08_01,agr_hr08,"Tiêu chuẩn bổ nhiệm Giám đốc Chi nhánh Agribank yêu cầu trình độ Đại học trở lên chuyên ngành Kinh tế, Tài chính, Ngân hàng; có thời gian công tác tối thiểu 05 năm trong ngành ngân hàng và 03 năm giữ chức vụ quản lý cấp Phòng trở lên.",agribank_internal_policies.csv,"Quy định nội bộ số 88/QĐ-NHNO-NS về Quy hoạch, bổ nhiệm và quản lý nhân sự Agribank",88/QĐ-NHNO-NS,Quy định nội bộ,Ngân hàng Nông nghiệp và Phát triển Nông thôn Việt Nam (Agribank),10/01/2025,Chương I BỔ NHIỆM CÁN BỘ QUẢN LÝ,Mục 1. Tiêu chuẩn bổ nhiệm Giám đốc,Điều 6. Tiêu chuẩn bổ nhiệm Giám đốc Chi nhánh,[88/QĐ-NHNO-NS - Quy định nội bộ số 88/QĐ-NHNO-NS | Điều 6 | doc_agr_hr08_01],"[""Admin"", ""HR""]"
doc_agr_hr08_02,agr_hr08,Mỗi cán bộ nhân viên Agribank bắt buộc hoàn thành tối thiểu 40 giờ đào tạo chuyên môn nghiệp vụ và kiểm tra tuân thủ quy định nội bộ hàng năm thông qua Trường Cán bộ Agribank.,agribank_internal_policies.csv,"Quy định nội bộ số 88/QĐ-NHNO-NS về Quy hoạch, bổ nhiệm và quản lý nhân sự Agribank",88/QĐ-NHNO-NS,Quy định nội bộ,Ngân hàng Nông nghiệp và Phát triển Nông thôn Việt Nam (Agribank),10/01/2025,Chương II ĐÀO TẠO VÀ PHÁT TRIỂN NGUỒN NHÂN LỰC,Mục 2. Định mức thời lượng đào tạo,Điều 19. Nghĩa vụ thời lượng học tập nâng cao nghiệp vụ,[88/QĐ-NHNO-NS - Quy định nội bộ số 88/QĐ-NHNO-NS | Điều 19 | doc_agr_hr08_02],"[""Admin"", ""HR""]"
doc_agr_tc09_01,agr_tc09,Hạn mức duyệt chi mua sắm tài sản cố định và sửa chữa lớn tại Chi nhánh Agribank loại I do Giám đốc Chi nhánh quyết định là dưới 500 triệu đồng. Các gói mua sắm từ 500 triệu đến 5 tỷ đồng phải trình Trụ sở chính phê duyệt.,agribank_internal_policies.csv,Quy chế tài chính số 720/QC-NHNO-TC về Chế độ chi tiêu và mua sắm tài sản nội bộ Agribank,720/QC-NHNO-TC,Quy chế nội bộ,Ngân hàng Nông nghiệp và Phát triển Nông thôn Việt Nam (Agribank),05/12/2024,Chương I MUA SẮM VÀ SỬA CHỮA TÀI SẢN,Mục 1. Phân cấp hạn mức duyệt chi,Điều 11. Thẩm quyền quyết định mua sắm tài sản cố định,[720/QC-NHNO-TC - Quy chế tài chính số 720/QC-NHNO-TC | Điều 11 | doc_agr_tc09_01],"[""Admin"", ""Risk_Manager"", ""Staff""]"
doc_agr_tc09_02,agr_tc09,Mọi khoản trích lập quỹ dự phòng rủi ro tài chính và chi phí nghiệp vụ bảo hiểm tài sản được hạch toán đầy đủ vào chi phí hoạt động của Agribank trong kỳ kế toán theo quy định kế toán ngân hàng.,agribank_internal_policies.csv,Quy chế tài chính số 720/QC-NHNO-TC về Chế độ chi tiêu và mua sắm tài sản nội bộ Agribank,720/QC-NHNO-TC,Quy chế nội bộ,Ngân hàng Nông nghiệp và Phát triển Nông thôn Việt Nam (Agribank),05/12/2024,Chương II HẠCH TOÁN CHI PHÍ NGHIỆP VỤ,Mục 2. Hạch toán dự phòng rủi ro,Điều 24. Chế độ hạch toán chi phí bảo hiểm và dự phòng,[720/QC-NHNO-TC - Quy chế tài chính số 720/QC-NHNO-TC | Điều 24 | doc_agr_tc09_02],"[""Admin"", ""Risk_Manager""]"
doc_agr_xln10_01,agr_xln10,"Tất cả các khoản nợ quá hạn từ 90 ngày trở lên (Nợ nhóm 3 đến nhóm 5) phải được phân loại và chuyển Tổ Xử lý nợ xấu Chi nhánh Agribank theo dõi, áp dụng các biện pháp thu hồi nợ hoặc xử lý tài sản thế chấp.",agribank_internal_policies.csv,Quy định nội bộ số 390/QĐ-NHNO-XLN về Phân loại nợ và Xử lý nợ xấu tại Agribank,390/QĐ-NHNO-XLN,Quy định nội bộ,Ngân hàng Nông nghiệp và Phát triển Nông thôn Việt Nam (Agribank),22/07/2024,Chương I PHÂN LOẠI NỢ VÀ TRÍCH LẬP DỰ PHÒNG,Mục 1. Nhận biết nợ xấu,Điều 10. Chuyển nhóm nợ xấu và tổ chức xử lý,[390/QĐ-NHNO-XLN - Quy định nội bộ số 390/QĐ-NHNO-XLN | Điều 10 | doc_agr_xln10_01],"[""Admin"", ""Risk_Manager""]"
doc_agr_xln10_02,agr_xln10,"Việc cơ cấu lại thời hạn trả nợ và giữ nguyên nhóm nợ cho khách hàng gặp khó khăn do thiên tai, dịch bệnh được thực hiện theo đúng hướng dẫn của Ngân hàng Nhà nước và phải được Hội đồng Rủi ro Agribank thông qua.",agribank_internal_policies.csv,Quy định nội bộ số 390/QĐ-NHNO-XLN về Phân loại nợ và Xử lý nợ xấu tại Agribank,390/QĐ-NHNO-XLN,Quy định nội bộ,Ngân hàng Nông nghiệp và Phát triển Nông thôn Việt Nam (Agribank),22/07/2024,Chương II CƠ CẤU LẠI THỜI HẠN TRẢ NỢ,Mục 2. Thẩm quyền giữ nguyên nhóm nợ,Điều 23. Cơ cấu lại nợ khách hàng gặp thiên tai,[390/QĐ-NHNO-XLN - Quy định nội bộ số 390/QĐ-NHNO-XLN | Điều 23 | doc_agr_xln10_02],"[""Admin"", ""Risk_Manager""]"
