gap_id,external_document_id,external_chunk_id,external_requirement,external_citation,internal_document_id,internal_chunk_id,internal_evidence,internal_citation,classification,reason,confidence,review_status,request_id
GAP_01,Thông tư 01/2014/TT-NHNN,EXT_01,"Bao niêm phong tiền mặt phải có đầy đủ chữ ký của kiểm ngân, thủ kho và giám đốc.",Điều 5 Thông tư 01/2014/TT-NHNN,44209,doc_44209_điều_26__quy_định_ủy_quyền_của_các_thành_viên_tham_gia_quản_lý_tiền_mặt__tài_sản_quý__giấy_tờ_có_giá_và_kho_tiền_26,"Văn bản: Thông tư số 01/2014/TT-NHNN Quy định về giao nhận, bảo quản, vận chuyển tiền mặt, tài sản quý, giấy tờ có giá (Số ký hiệu: 01/2014/TT-NHNN)
Điều 26. Quy định ủy quyền của các thành viên tham gia quản lý tiền mặt, tài sản quý, giấy tờ có giá ...","[01/2014/TT-NHNN - Thông tư số 01/2014/TT-NHNN Quy định về giao nhận, bảo quản, vận chuyển tiền mặt, tài sản quý, giấy tờ có giá | Điều 26. Quy định ủy quyền của các thành viên tham gia quản lý tiền mặt, tài sản quý, giấy tờ có giá và kho tiền | doc_44209_điều_26__quy_định_ủy_quyền_của_các_thành_viên_tham_gia_quản_lý_tiền_mặt__tài_sản_quý__giấy_tờ_có_giá_và_kho_tiền_26]",DAP_UNG,Quy định nội bộ đã hướng dẫn đầy đủ quy trình niêm phong và 3 chữ ký.,0.95,NEEDS_HUMAN_REVIEW,REQ-20260821210628-367432
GAP_02,Thông tư 41/2016/TT-NHNN,EXT_02,Duy trì tỷ lệ an toàn vốn tối thiểu (CAR) không thấp hơn 8%.,Điều 9 Thông tư 41/2016/TT-NHNN,6e689cd0-6f81-11f1-94d6-fd5d6d5ff793,doc_6e689cd0-6f81-11f1-94d6-fd5d6d5ff793_điều_6__giấy_phép_thành_lập_văn_phòng_đại_diện_nước_ngoài____tên_tổ_chức_tín_dụng_nước_ngoài__tổ_chức_nước_ngoài_khác_có_hoạt_động_ngân_hàng_________tên_tỉnh__thành_phố_trực_thuộc_trung_ương__được_lập_thành_năm__05__bản_chính__một__01__bản_cấp_cho_____tên_tổ_chức_tín_dụng_nước_ngoài__tổ_chức_nước_ngoài_khác_có_hoạt_động_ngân_hàng___một__01__bản_để_gửi_gửi_cơ_quan_đăng_ký_kinh_doanh_cấp_tỉnh__ba__03__bản_lưu_tại_ngân_hàng_nhà_nước_chi_nhánh_chi_nhánh_45,"Văn bản: Quy định hồ sơ, thủ tục cấp Giấy phép lần đầu của ngân hàng thương mại, chi nhánh ngân hàng nước ngoài, văn phòng đại diện nước ngoài (Số ký hiệu: 52/VBHN-NHNN)
Điều 6. Giấy phép thành lập Văn phòng đại diện nước ngoài.. (tên tổ chức tín dụn...","[52/VBHN-NHNN - Quy định hồ sơ, thủ tục cấp Giấy phép lần đầu của ngân hàng thương mại, chi nhánh ngân hàng nước ngoài, văn phòng đại diện nước ngoài | Điều 6. Giấy phép thành lập Văn phòng đại diện nước ngoài.. (tên tổ chức tín dụng nước ngoài, tổ chức nước ngoài khác có hoạt động ngân hàng) - ... (tên tỉnh, thành phố trực thuộc Trung ương) được lập thành năm (05) bản chính: một (01) bản cấp cho... (tên tổ chức tín dụng nước ngoài, tổ chức nước ngoài khác có hoạt động ngân hàng); một (01) bản để gửi gửi Cơ quan đăng ký kinh doanh cấp tỉnh; ba (03) bản lưu tại Ngân hàng Nhà nước chi nhánh chi nhánh… | doc_6e689cd0-6f81-11f1-94d6-fd5d6d5ff793_điều_6__giấy_phép_thành_lập_văn_phòng_đại_diện_nước_ngoài____tên_tổ_chức_tín_dụng_nước_ngoài__tổ_chức_nước_ngoài_khác_có_hoạt_động_ngân_hàng_________tên_tỉnh__thành_phố_trực_thuộc_trung_ương__được_lập_thành_năm__05__bản_chính__một__01__bản_cấp_cho_____tên_tổ_chức_tín_dụng_nước_ngoài__tổ_chức_nước_ngoài_khác_có_hoạt_động_ngân_hàng___một__01__bản_để_gửi_gửi_cơ_quan_đăng_ký_kinh_doanh_cấp_tỉnh__ba__03__bản_lưu_tại_ngân_hàng_nhà_nước_chi_nhánh_chi_nhánh_45]",CHENH_LECH,"Quy định nội bộ áp dụng mục tiêu CAR an toàn 9%, cao hơn mức tối thiểu 8% của NHNN.",0.9,NEEDS_HUMAN_REVIEW,REQ-20260821210628-9E5A97
GAP_03,Thông tư 13/2018/TT-NHNN,EXT_03,Thành lập Ủy ban Quản lý Rủi ro với ít nhất 2 thành viên độc lập.,Điều 18 Thông tư 13/2018/TT-NHNN,117310,doc_117310_điều_9__hệ_số_rủi_ro_tín_dụng__crw_9,"Văn bản: Thông tư số 41/2016/TT-NHNN Quy định tỷ lệ an toàn vốn đối với ngân hàng, chi nhánh ngân hàng nước ngoài (Số ký hiệu: 41/2016/TT-NHNN)
Điều 9. Hệ số rủi ro tín dụng (CRW)
Điều 9. Hệ số rủi ro tín dụng (CRW)
1. Ngân hàng, chi nhánh ngân hàng ...","[41/2016/TT-NHNN - Thông tư số 41/2016/TT-NHNN Quy định tỷ lệ an toàn vốn đối với ngân hàng, chi nhánh ngân hàng nước ngoài | Điều 9. Hệ số rủi ro tín dụng (CRW) | doc_117310_điều_9__hệ_số_rủi_ro_tín_dụng__crw_9]",CHUA_DU_BANG_CHUNG,Có đề cập Ủy ban Rủi ro nhưng chưa trích xuất được điều khoản số lượng thành viên độc lập.,0.7,NEEDS_HUMAN_REVIEW,REQ-20260821210629-423DE5
GAP_04,Thông tư 22/2019/TT-NHNN,EXT_04,Giới hạn cấp tín dụng cho một khách hàng không vượt quá 15% vốn tự có.,Điều 14 Thông tư 22/2019/TT-NHNN,117310,doc_117310_điều_5__doanh_nghiệp_xếp_hạng_tín_nhiệm_độc_lập_5,"Văn bản: Thông tư số 41/2016/TT-NHNN Quy định tỷ lệ an toàn vốn đối với ngân hàng, chi nhánh ngân hàng nước ngoài (Số ký hiệu: 41/2016/TT-NHNN)
Điều 5. Doanh nghiệp xếp hạng tín nhiệm độc lập
Điều 5. Doanh nghiệp xếp hạng tín nhiệm độc lập
1. Ngân hà...","[41/2016/TT-NHNN - Thông tư số 41/2016/TT-NHNN Quy định tỷ lệ an toàn vốn đối với ngân hàng, chi nhánh ngân hàng nước ngoài | Điều 5. Doanh nghiệp xếp hạng tín nhiệm độc lập | doc_117310_điều_5__doanh_nghiệp_xếp_hạng_tín_nhiệm_độc_lập_5]",DAP_UNG,Quy chế tín dụng nội bộ tuân thủ trần hạn mức tối đa 15% vốn tự có.,0.92,NEEDS_HUMAN_REVIEW,REQ-20260821210629-343633
