id,type,name,description,category,cause,event,impact,inherent_level,residual_level,owner_unit_id,owner_role_id,control_type,frequency,effectiveness,occurred_at,discovered_at,severity,loss_amount_vnd,source_file,data_origin,verification_status
RR-001,RuiRo,Giao dịch chuyển tiền bị hạch toán sai,Đối soát giao dịch cuối ngày không đầy đủ,Rui ro van hanh,Thiếu đối chiếu giữa hệ thống thanh toán và sổ cái,Giao dịch được ghi nhận sai trạng thái,Tổn thất tài chính và khiếu nại khách hàng,Cao,Trung binh,DV-OPS,,,,,,,,,risk_profiles_seed.csv,SYNTHETIC,VERIFIED
RR-002,RuiRo,Phê duyệt tín dụng vượt thẩm quyền,Kiểm tra hạn mức phê duyệt không hiệu lực,Rui ro tin dung,Phân quyền trên hệ thống không cập nhật,Khoản vay được phê duyệt vượt thẩm quyền,Tăng nợ xấu và vi phạm quy định,Cao,Trung binh,DV-CREDIT,,,,,,,,,risk_profiles_seed.csv,SYNTHETIC,VERIFIED
RR-003,RuiRo,Giải ngân thiếu hồ sơ bảo đảm,Hồ sơ giải ngân chưa đủ điều kiện,Rui ro tin dung,Kiểm tra điều kiện tiên quyết bị bỏ qua,Giải ngân khi thiếu chứng từ bắt buộc,Khó thu hồi nợ và vi phạm quy trình,Cao,Trung binh,DV-CREDIT,,,,,,,,,risk_profiles_seed.csv,SYNTHETIC,VERIFIED
RR-004,RuiRo,Lộ thông tin khách hàng,Quyền truy cập dữ liệu không được kiểm soát phù hợp,Rui ro cong nghe thong tin,Cấp quyền vượt nhu cầu công việc,Dữ liệu khách hàng bị truy cập hoặc chia sẻ trái phép,Vi phạm bảo mật và tổn hại uy tín,Cao,Trung binh,DV-IT,,,,,,,,,risk_profiles_seed.csv,SYNTHETIC,VERIFIED
RR-005,RuiRo,Gián đoạn dịch vụ ngân hàng số,Hệ thống thanh toán trực tuyến không sẵn sàng,Rui ro cong nghe thong tin,Kế hoạch năng lực và dự phòng chưa đầy đủ,Dịch vụ ngân hàng số bị gián đoạn,Mất doanh thu và khiếu nại khách hàng,Cao,Trung binh,DV-IT,,,,,,,,,risk_profiles_seed.csv,SYNTHETIC,VERIFIED
RR-006,RuiRo,Gian lận giả mạo yêu cầu chuyển tiền,Nhận diện và xác thực yêu cầu chưa đủ mạnh,Rui ro gian lan,Nhân viên không xác minh kênh liên lạc,Yêu cầu chuyển tiền giả mạo được xử lý,Tổn thất tài chính,Cao,Trung binh,DV-OPS,,,,,,,,,risk_profiles_seed.csv,SYNTHETIC,VERIFIED
RR-007,RuiRo,Chậm báo cáo giao dịch đáng ngờ,Theo dõi cảnh báo AML không kịp thời,Rui ro tuan thu,Khối lượng cảnh báo vượt năng lực xử lý,Báo cáo giao dịch đáng ngờ nộp muộn,Chế tài và rủi ro pháp lý,Cao,Trung binh,DV-COMPLIANCE,,,,,,,,,risk_profiles_seed.csv,SYNTHETIC,VERIFIED
RR-008,RuiRo,Định giá tài sản bảo đảm không chính xác,Dữ liệu định giá không độc lập hoặc hết hạn,Rui ro tin dung,Thiếu rà soát lại giá trị tài sản,Tài sản bảo đảm được định giá cao hơn thực tế,Tăng tổn thất khi xử lý nợ,Cao,Trung binh,DV-CREDIT,,,,,,,,,risk_profiles_seed.csv,SYNTHETIC,VERIFIED
RR-009,RuiRo,Không phát hiện giao dịch bất thường,Luật phát hiện gian lận không được cập nhật,Rui ro gian lan,Ngưỡng cảnh báo không phù hợp,Giao dịch nghi ngờ không bị chặn kịp thời,Tổn thất tài chính và uy tín,Cao,Trung binh,DV-OPS,,,,,,,,,risk_profiles_seed.csv,SYNTHETIC,VERIFIED
RR-010,RuiRo,Sai lệch số liệu báo cáo quản trị,Dữ liệu nguồn không được đối chiếu,Rui ro bao cao,Thay đổi dữ liệu không có kiểm soát,Báo cáo quản trị có số liệu sai,Quyết định quản trị sai lệch,Trung binh,Thap,DV-FINANCE,,,,,,,,,risk_profiles_seed.csv,SYNTHETIC,VERIFIED
RR-011,RuiRo,Nhà cung cấp công nghệ không đáp ứng cam kết,Giám sát SLA nhà cung cấp không đầy đủ,Rui ro ben thu ba,Điều khoản hợp đồng và chỉ số SLA không được theo dõi,Dịch vụ thuê ngoài suy giảm chất lượng,Gián đoạn dịch vụ và tổn hại uy tín,Trung binh,Trung binh,DV-IT,,,,,,,,,risk_profiles_seed.csv,SYNTHETIC,VERIFIED
RR-012,RuiRo,Xung đột lợi ích trong mua sắm,Quy trình lựa chọn nhà cung cấp thiếu độc lập,Rui ro dao duc,Thiếu kê khai và rà soát xung đột lợi ích,Quyết định mua sắm không khách quan,Tăng chi phí và rủi ro pháp lý,Trung binh,Thap,DV-PROCUREMENT,,,,,,,,,risk_profiles_seed.csv,SYNTHETIC,VERIFIED
KS-001,KiemSoat,Đối soát tự động giao dịch và sổ cái,,,,,,,,,VT-OPS-CONTROL,Detective,Hang ngay,Hieu qua,,,,,controls_seed.csv,SYNTHETIC,VERIFIED
KS-002,KiemSoat,Kiểm tra hạn mức phê duyệt trên hệ thống,,,,,,,,,VT-CREDIT-APPROVER,Preventive,Theo giao dich,Hieu qua,,,,,controls_seed.csv,SYNTHETIC,VERIFIED
KS-003,KiemSoat,Checklist điều kiện giải ngân bắt buộc,,,,,,,,,VT-CREDIT-OFFICER,Preventive,Theo giao dich,Can cai thien,,,,,controls_seed.csv,SYNTHETIC,VERIFIED
KS-004,KiemSoat,Rà soát quyền truy cập định kỳ,,,,,,,,,VT-IT-SECURITY,Preventive,Hang quy,Hieu qua,,,,,controls_seed.csv,SYNTHETIC,VERIFIED
KS-005,KiemSoat,Kiểm thử khả năng chịu tải và chuyển đổi dự phòng,,,,,,,,,VT-IT-OPERATIONS,Preventive,Hang quy,Can cai thien,,,,,controls_seed.csv,SYNTHETIC,VERIFIED
KS-006,KiemSoat,Xác thực hai kênh với lệnh chuyển tiền ngoại lệ,,,,,,,,,VT-OPS-CONTROL,Preventive,Theo giao dich,Hieu qua,,,,,controls_seed.csv,SYNTHETIC,VERIFIED
KS-007,KiemSoat,Theo dõi SLA xử lý cảnh báo AML,,,,,,,,,VT-COMPLIANCE-AML,Detective,Hang ngay,Can cai thien,,,,,controls_seed.csv,SYNTHETIC,VERIFIED
KS-008,KiemSoat,Rà soát độc lập định giá tài sản bảo đảm,,,,,,,,,VT-CREDIT-REVIEW,Detective,Hang nam,Hieu qua,,,,,controls_seed.csv,SYNTHETIC,VERIFIED
KS-009,KiemSoat,Hiệu chỉnh luật phát hiện giao dịch gian lận,,,,,,,,,VT-OPS-CONTROL,Preventive,Hang thang,Can cai thien,,,,,controls_seed.csv,SYNTHETIC,VERIFIED
KS-010,KiemSoat,Đối chiếu dữ liệu nguồn trước khi phát hành báo cáo,,,,,,,,,VT-FINANCE-REPORTING,Detective,Hang thang,Hieu qua,,,,,controls_seed.csv,SYNTHETIC,VERIFIED
SK-001,SuKienRuiRo,Sai lệch trạng thái giao dịch được phát hiện khi đối soát cuối ngày,Sai lệch trạng thái giao dịch được phát hiện khi đối soát cuối ngày,,,,,,,,,,,,2024-03-15,2024-03-15,Trung binh,85000000,risk_events_seed.csv,SYNTHETIC,VERIFIED
SK-002,SuKienRuiRo,Hồ sơ tín dụng được phê duyệt vượt hạn mức của người phê duyệt,Hồ sơ tín dụng được phê duyệt vượt hạn mức của người phê duyệt,,,,,,,,,,,,2024-04-02,2024-04-05,Cao,0,risk_events_seed.csv,SYNTHETIC,VERIFIED
SK-003,SuKienRuiRo,Giải ngân trước khi hoàn thiện chứng từ bảo đảm,Giải ngân trước khi hoàn thiện chứng từ bảo đảm,,,,,,,,,,,,2024-04-18,2024-04-18,Cao,120000000,risk_events_seed.csv,SYNTHETIC,VERIFIED
SK-004,SuKienRuiRo,Tài khoản có quyền truy cập dữ liệu vượt phạm vi công việc,Tài khoản có quyền truy cập dữ liệu vượt phạm vi công việc,,,,,,,,,,,,2024-05-06,2024-05-07,Cao,0,risk_events_seed.csv,SYNTHETIC,VERIFIED
SK-005,SuKienRuiRo,Dịch vụ ngân hàng số gián đoạn trong giờ cao điểm,Dịch vụ ngân hàng số gián đoạn trong giờ cao điểm,,,,,,,,,,,,2024-05-21,2024-05-21,Cao,0,risk_events_seed.csv,SYNTHETIC,VERIFIED
SK-006,SuKienRuiRo,Yêu cầu chuyển tiền giả mạo được xử lý trước khi bị thu hồi,Yêu cầu chuyển tiền giả mạo được xử lý trước khi bị thu hồi,,,,,,,,,,,,2024-06-11,2024-06-11,Cao,230000000,risk_events_seed.csv,SYNTHETIC,VERIFIED
SK-007,SuKienRuiRo,Báo cáo giao dịch đáng ngờ nộp quá hạn nội bộ,Báo cáo giao dịch đáng ngờ nộp quá hạn nội bộ,,,,,,,,,,,,2024-06-28,2024-07-03,Trung binh,0,risk_events_seed.csv,SYNTHETIC,VERIFIED
SK-008,SuKienRuiRo,Rà soát phát hiện giá trị tài sản bảo đảm đã hết hiệu lực,Rà soát phát hiện giá trị tài sản bảo đảm đã hết hiệu lực,,,,,,,,,,,,2024-07-10,2024-07-15,Cao,0,risk_events_seed.csv,SYNTHETIC,VERIFIED
SK-009,SuKienRuiRo,Giao dịch bất thường chỉ bị phát hiện sau khi khách hàng khiếu nại,Giao dịch bất thường chỉ bị phát hiện sau khi khách hàng khiếu nại,,,,,,,,,,,,2024-07-22,2024-07-23,Cao,175000000,risk_events_seed.csv,SYNTHETIC,VERIFIED
SK-010,SuKienRuiRo,Báo cáo quản trị sử dụng dữ liệu nguồn chưa đối chiếu,Báo cáo quản trị sử dụng dữ liệu nguồn chưa đối chiếu,,,,,,,,,,,,2024-08-02,2024-08-05,Trung binh,0,risk_events_seed.csv,SYNTHETIC,VERIFIED
SK-011,SuKienRuiRo,Nhà cung cấp chậm khôi phục dịch vụ so với SLA,Nhà cung cấp chậm khôi phục dịch vụ so với SLA,,,,,,,,,,,,2024-08-14,2024-08-14,Trung binh,0,risk_events_seed.csv,SYNTHETIC,VERIFIED
SK-012,SuKienRuiRo,Kiểm tra sau mua sắm phát hiện thiếu kê khai xung đột lợi ích,Kiểm tra sau mua sắm phát hiện thiếu kê khai xung đột lợi ích,,,,,,,,,,,,2024-09-03,2024-09-12,Trung binh,0,risk_events_seed.csv,SYNTHETIC,VERIFIED
